datetime,symbol,open,high,low,close,volume
1974-12-31 23:00:00,COMEX:GC1!,184.0,184.8,167.5,178.0,0.0
1975-02-02 23:00:00,COMEX:GC1!,179.1,189.0,171.3,183.0,0.0
1975-03-02 22:00:00,COMEX:GC1!,183.3,187.5,175.0,179.5,0.0
1975-03-31 22:00:00,COMEX:GC1!,179.7,179.9,162.3,166.8,0.0
1975-04-30 22:00:00,COMEX:GC1!,167.0,176.9,163.4,169.0,0.0
1975-06-01 22:00:00,COMEX:GC1!,164.5,175.0,160.0,167.8,0.0
1975-06-30 22:00:00,COMEX:GC1!,168.3,175.4,161.4,173.4,0.0
1975-07-31 22:00:00,COMEX:GC1!,173.8,173.9,160.4,162.8,0.0
1975-08-31 22:00:00,COMEX:GC1!,152.8,156.3,129.0,142.2,0.0
1975-09-30 22:00:00,COMEX:GC1!,145.0,148.0,138.5,142.8,0.0
1975-11-02 23:00:00,COMEX:GC1!,143.5,149.1,138.1,138.8,0.0
1975-11-30 23:00:00,COMEX:GC1!,138.8,147.9,136.7,141.0,0.0
1975-12-31 23:00:00,COMEX:GC1!,140.8,141.5,123.4,129.0,0.0
1976-02-01 23:00:00,COMEX:GC1!,130.5,134.7,128.5,132.6,0.0
1976-02-29 23:00:00,COMEX:GC1!,132.5,135.3,127.5,129.7,0.0
1976-03-31 23:00:00,COMEX:GC1!,129.7,131.0,126.9,128.9,0.0
1976-05-02 22:00:00,COMEX:GC1!,128.8,129.8,124.1,127.3,0.0
1976-05-31 22:00:00,COMEX:GC1!,127.8,132.5,123.5,123.9,0.0
1976-06-30 22:00:00,COMEX:GC1!,123.6,124.5,105.0,114.2,0.0
1976-08-01 22:00:00,COMEX:GC1!,113.7,115.2,100.0,103.2,0.0
1976-08-31 22:00:00,COMEX:GC1!,104.3,121.0,104.1,116.1,0.0
1976-09-30 22:00:00,COMEX:GC1!,115.8,126.0,112.9,123.8,0.0
1976-10-31 23:00:00,COMEX:GC1!,122.8,141.0,122.8,132.6,0.0
1976-11-30 23:00:00,COMEX:GC1!,131.9,139.9,131.3,135.7,0.0
1977-01-02 23:00:00,COMEX:GC1!,135.5,137.7,127.5,134.0,0.0
1977-01-31 23:00:00,COMEX:GC1!,134.0,145.4,132.8,144.6,0.0
1977-02-28 23:00:00,COMEX:GC1!,143.0,154.7,142.4,151.0,0.0
1977-03-31 23:00:00,COMEX:GC1!,150.5,154.7,144.8,148.0,0.0
1977-05-01 22:00:00,COMEX:GC1!,147.9,149.7,142.0,144.3,0.0
1977-05-31 22:00:00,COMEX:GC1!,144.8,145.6,137.6,143.6,0.0
1977-06-30 22:00:00,COMEX:GC1!,143.5,148.0,140.5,147.1,0.0
1977-07-31 22:00:00,COMEX:GC1!,147.2,150.2,144.0,148.1,0.0
1977-08-31 22:00:00,COMEX:GC1!,147.7,157.1,147.4,156.4,0.0
1977-10-02 22:00:00,COMEX:GC1!,157.8,166.8,155.4,162.7,0.0
1977-10-31 23:00:00,COMEX:GC1!,163.8,169.9,154.7,162.3,0.0
1977-11-30 23:00:00,COMEX:GC1!,162.9,167.9,157.1,167.5,0.0
1978-01-01 23:00:00,COMEX:GC1!,169.9,179.0,165.5,178.9,0.0
1978-01-31 23:00:00,COMEX:GC1!,179.4,185.8,173.6,184.4,0.0
1978-02-28 23:00:00,COMEX:GC1!,184.9,192.8,176.0,186.2,0.0
1978-04-02 23:00:00,COMEX:GC1!,185.7,185.9,166.8,170.6,0.0
1978-04-30 22:00:00,COMEX:GC1!,170.3,188.4,169.2,187.0,0.0
1978-05-31 22:00:00,COMEX:GC1!,185.5,189.3,181.9,183.7,0.0
1978-07-02 22:00:00,COMEX:GC1!,184.5,210.0,183.2,209.8,0.0
1978-07-31 22:00:00,COMEX:GC1!,214.0,221.5,201.5,210.6,0.0
1978-08-31 22:00:00,COMEX:GC1!,212.0,224.6,207.6,220.9,0.0
1978-10-01 22:00:00,COMEX:GC1!,220.5,249.4,220.2,240.7,0.0
1978-10-31 23:00:00,COMEX:GC1!,230.7,230.7,192.0,196.4,0.0
1978-11-30 23:00:00,COMEX:GC1!,196.0,229.6,195.8,229.0,0.0
1978-12-31 23:00:00,COMEX:GC1!,229.1,239.3,216.6,236.6,0.0
1979-01-31 23:00:00,COMEX:GC1!,235.0,258.8,232.0,252.9,0.0
1979-02-28 23:00:00,COMEX:GC1!,250.7,252.9,235.0,243.8,0.0
1979-04-01 23:00:00,COMEX:GC1!,243.8,250.7,231.8,249.2,0.0
1979-04-30 22:00:00,COMEX:GC1!,250.0,282.0,246.1,281.1,0.0
1979-05-31 22:00:00,COMEX:GC1!,280.5,287.5,275.0,283.8,0.0
1979-07-01 22:00:00,COMEX:GC1!,284.3,314.8,282.3,297.3,0.0
1979-07-31 22:00:00,COMEX:GC1!,299.0,330.0,288.0,326.7,0.0
1979-09-02 22:00:00,COMEX:GC1!,334.0,409.0,330.5,404.5,0.0
1979-09-30 22:00:00,COMEX:GC1!,416.5,444.5,373.0,385.7,0.0
1979-10-31 23:00:00,COMEX:GC1!,381.5,432.8,365.0,430.5,0.0
1979-12-02 23:00:00,COMEX:GC1!,440.0,543.0,433.0,541.0,0.0
1979-12-31 23:00:00,COMEX:GC1!,566.0,873.0,566.0,704.0,0.0
1980-01-31 23:00:00,COMEX:GC1!,700.0,742.5,617.0,640.0,0.0
1980-03-02 23:00:00,COMEX:GC1!,643.0,660.0,453.0,519.0,0.0
1980-03-31 23:00:00,COMEX:GC1!,525.0,570.0,483.0,507.0,0.0
1980-04-30 22:00:00,COMEX:GC1!,500.0,562.5,482.0,555.0,0.0
1980-06-01 22:00:00,COMEX:GC1!,580.0,666.0,560.0,654.0,0.0
1980-06-30 22:00:00,COMEX:GC1!,670.0,696.0,604.0,642.0,0.0
1980-07-31 22:00:00,COMEX:GC1!,643.0,670.5,620.0,656.0,0.0
1980-08-31 22:00:00,COMEX:GC1!,656.0,748.5,656.0,688.5,0.0
1980-09-30 22:00:00,COMEX:GC1!,699.0,708.5,627.0,642.0,0.0
1980-11-02 23:00:00,COMEX:GC1!,640.0,665.0,593.0,644.5,0.0
1980-11-30 23:00:00,COMEX:GC1!,656.0,658.0,558.0,599.5,0.0
1980-12-31 23:00:00,COMEX:GC1!,593.5,612.0,498.0,512.5,0.0
1981-02-01 23:00:00,COMEX:GC1!,505.0,530.5,485.0,486.5,0.0
1981-03-01 23:00:00,COMEX:GC1!,471.0,554.0,453.0,525.5,0.0
1981-03-31 23:00:00,COMEX:GC1!,524.0,545.5,476.0,489.0,0.0
1981-04-30 22:00:00,COMEX:GC1!,488.0,503.0,464.0,492.5,0.0
1981-05-31 22:00:00,COMEX:GC1!,495.5,497.5,427.0,428.5,0.0
1981-06-30 22:00:00,COMEX:GC1!,426.5,431.5,397.0,423.2,0.0
1981-08-02 22:00:00,COMEX:GC1!,411.0,463.0,405.0,443.5,0.0
1981-08-31 22:00:00,COMEX:GC1!,441.0,482.5,428.0,443.0,0.0
1981-09-30 22:00:00,COMEX:GC1!,446.0,469.0,426.5,431.2,0.0
1981-11-01 23:00:00,COMEX:GC1!,432.0,436.0,392.5,413.3,0.0
1981-11-30 23:00:00,COMEX:GC1!,407.0,437.0,396.5,402.8,0.0
1981-12-31 23:00:00,COMEX:GC1!,399.0,411.0,369.0,391.8,0.0
1982-01-31 23:00:00,COMEX:GC1!,387.0,394.4,362.7,364.5,0.0
1982-02-28 23:00:00,COMEX:GC1!,362.5,366.5,312.5,334.2,0.0
1982-03-31 23:00:00,COMEX:GC1!,334.5,377.5,328.8,346.5,0.0
1982-05-02 22:00:00,COMEX:GC1!,351.0,351.0,322.9,329.0,0.0
1982-05-31 22:00:00,COMEX:GC1!,325.5,343.0,297.5,317.8,0.0
1982-06-30 22:00:00,COMEX:GC1!,314.0,369.7,308.3,355.5,0.0
1982-08-01 22:00:00,COMEX:GC1!,364.5,441.0,340.2,418.5,0.0
1982-08-31 22:00:00,COMEX:GC1!,413.5,509.0,396.0,404.8,0.0
1982-09-30 22:00:00,COMEX:GC1!,408.5,465.0,390.0,423.0,0.0
1982-10-31 23:00:00,COMEX:GC1!,431.0,449.5,398.0,449.0,0.0
1982-11-30 23:00:00,COMEX:GC1!,446.0,468.8,435.0,453.0,0.0
1983-01-02 23:00:00,COMEX:GC1!,455.0,519.0,449.5,518.2,0.0
1983-01-31 23:00:00,COMEX:GC1!,517.5,520.0,423.7,423.7,0.0
1983-02-28 23:00:00,COMEX:GC1!,416.0,442.0,406.5,422.0,0.0
1983-03-31 23:00:00,COMEX:GC1!,422.5,450.8,422.5,433.5,0.0
1983-05-01 22:00:00,COMEX:GC1!,430.7,452.5,417.8,418.5,0.0
1983-05-31 22:00:00,COMEX:GC1!,420.0,428.3,401.0,418.5,0.0
1983-06-30 22:00:00,COMEX:GC1!,419.5,441.6,409.5,427.4,0.0
1983-07-31 22:00:00,COMEX:GC1!,427.0,441.0,418.5,424.8,0.0
1983-08-31 22:00:00,COMEX:GC1!,426.3,429.0,401.0,407.8,0.0
1983-10-02 22:00:00,COMEX:GC1!,396.0,408.8,378.0,378.8,0.0
1983-10-31 23:00:00,COMEX:GC1!,377.8,414.0,373.0,409.0,0.0
1983-11-30 23:00:00,COMEX:GC1!,405.0,410.0,375.5,388.0,0.0
1984-01-01 23:00:00,COMEX:GC1!,385.5,386.4,362.5,379.2,0.0
1984-01-31 23:00:00,COMEX:GC1!,384.0,406.0,379.1,398.9,0.0
1984-02-29 23:00:00,COMEX:GC1!,398.2,410.5,385.5,394.3,0.0
1984-04-01 23:00:00,COMEX:GC1!,394.5,395.0,377.8,379.6,0.0
1984-04-30 22:00:00,COMEX:GC1!,379.8,395.5,370.0,393.6,0.0
1984-05-31 22:00:00,COMEX:GC1!,399.3,405.3,370.0,376.1,0.0
1984-07-01 22:00:00,COMEX:GC1!,373.0,374.3,332.0,350.3,0.0
1984-07-31 22:00:00,COMEX:GC1!,350.5,369.0,349.0,358.0,0.0
1984-09-02 22:00:00,COMEX:GC1!,350.0,356.5,341.6,351.3,0.0
1984-09-30 22:00:00,COMEX:GC1!,352.0,355.8,333.5,336.0,0.0
1984-10-31 23:00:00,COMEX:GC1!,335.7,353.5,325.0,333.5,0.0
1984-12-02 23:00:00,COMEX:GC1!,332.5,337.0,306.6,309.7,0.0
1984-12-31 23:00:00,COMEX:GC1!,307.0,311.0,296.7,307.4,0.0
1985-01-31 23:00:00,COMEX:GC1!,306.0,308.5,282.6,288.7,0.0
1985-02-28 23:00:00,COMEX:GC1!,288.7,337.2,287.0,334.1,0.0
1985-03-31 23:00:00,COMEX:GC1!,324.5,338.6,315.0,316.5,0.0
1985-04-30 22:00:00,COMEX:GC1!,317.3,329.8,308.6,319.5,0.0
1985-06-02 22:00:00,COMEX:GC1!,320.1,331.3,312.5,317.7,0.0
1985-06-30 22:00:00,COMEX:GC1!,317.1,337.5,308.3,335.2,0.0
1985-07-31 22:00:00,COMEX:GC1!,332.5,350.2,326.5,339.8,0.0
1985-09-01 22:00:00,COMEX:GC1!,335.0,336.5,318.2,327.1,0.0
1985-09-30 22:00:00,COMEX:GC1!,326.0,335.7,324.9,326.7,0.0
1985-10-31 23:00:00,COMEX:GC1!,325.7,333.4,322.1,327.3,0.0
1985-12-01 23:00:00,COMEX:GC1!,327.8,332.4,315.5,331.1,0.0
1985-12-31 23:00:00,COMEX:GC1!,329.8,369.5,328.0,352.9,0.0
1986-02-02 23:00:00,COMEX:GC1!,351.0,357.5,331.7,341.0,0.0
1986-03-02 23:00:00,COMEX:GC1!,340.5,359.6,334.0,334.8,0.0
1986-03-31 23:00:00,COMEX:GC1!,336.0,352.5,330.8,348.1,0.0
1986-04-30 22:00:00,COMEX:GC1!,348.0,348.8,337.7,347.1,0.0
1986-06-01 22:00:00,COMEX:GC1!,346.2,355.0,336.5,347.7,0.0
1986-06-30 22:00:00,COMEX:GC1!,348.2,371.3,343.3,369.7,0.0
1986-07-31 22:00:00,COMEX:GC1!,367.0,404.5,364.0,393.3,0.0
1986-08-31 22:00:00,COMEX:GC1!,399.0,446.0,397.1,429.8,0.0
1986-09-30 22:00:00,COMEX:GC1!,430.3,446.5,400.0,405.5,0.0
1986-11-02 23:00:00,COMEX:GC1!,405.0,413.8,376.5,394.8,0.0
1986-11-30 23:00:00,COMEX:GC1!,402.0,408.0,386.5,406.9,0.0
1986-12-31 23:00:00,COMEX:GC1!,406.5,425.0,399.0,408.9,0.0
1987-02-01 23:00:00,COMEX:GC1!,409.7,412.0,391.4,407.4,0.0
1987-03-01 23:00:00,COMEX:GC1!,406.6,429.9,403.0,422.7,0.0
1987-03-31 23:00:00,COMEX:GC1!,422.5,480.5,418.5,456.5,0.0
1987-04-30 22:00:00,COMEX:GC1!,455.5,481.5,445.5,456.0,0.0
1987-05-31 22:00:00,COMEX:GC1!,449.5,468.8,437.6,452.2,0.0
1987-06-30 22:00:00,COMEX:GC1!,451.5,475.7,442.5,475.1,0.0
1987-08-02 22:00:00,COMEX:GC1!,486.0,490.2,456.9,458.7,0.0
1987-08-31 22:00:00,COMEX:GC1!,462.0,474.8,458.0,458.8,0.0
1987-09-30 22:00:00,COMEX:GC1!,459.8,496.0,457.9,471.2,0.0
1987-11-01 23:00:00,COMEX:GC1!,472.3,503.0,456.0,497.2,0.0
1987-11-30 23:00:00,COMEX:GC1!,493.5,507.4,475.0,488.9,0.0
1987-12-31 23:00:00,COMEX:GC1!,484.0,488.5,454.0,458.5,0.0
1988-01-31 23:00:00,COMEX:GC1!,458.5,461.9,425.1,431.9,0.0
1988-02-29 23:00:00,COMEX:GC1!,430.5,463.2,425.9,457.9,0.0
1988-03-31 23:00:00,COMEX:GC1!,461.5,464.0,448.2,452.6,0.0
1988-05-01 22:00:00,COMEX:GC1!,449.5,463.0,443.6,459.8,0.0
1988-05-31 22:00:00,COMEX:GC1!,461.6,473.8,432.3,437.7,0.0
1988-06-30 22:00:00,COMEX:GC1!,438.5,449.3,424.0,447.3,0.0
1988-07-31 22:00:00,COMEX:GC1!,447.6,448.6,433.0,439.9,0.0
1988-08-31 22:00:00,COMEX:GC1!,439.0,439.7,395.5,399.2,0.0
1988-10-02 22:00:00,COMEX:GC1!,398.8,419.0,398.1,415.1,0.0
1988-10-31 23:00:00,COMEX:GC1!,413.7,429.8,412.6,429.6,0.0
1988-11-30 23:00:00,COMEX:GC1!,429.8,438.0,409.5,412.3,0.0
1989-01-01 23:00:00,COMEX:GC1!,416.1,416.3,393.1,395.8,0.0
1989-01-31 23:00:00,COMEX:GC1!,396.0,401.2,382.0,390.4,0.0
1989-02-28 23:00:00,COMEX:GC1!,388.2,400.2,381.8,390.0,0.0
1989-04-02 22:00:00,COMEX:GC1!,390.3,396.9,379.6,380.5,0.0
1989-04-30 22:00:00,COMEX:GC1!,377.8,383.0,360.6,366.5,0.0
1989-05-31 22:00:00,COMEX:GC1!,366.3,384.8,360.5,377.3,0.0
1989-07-02 22:00:00,COMEX:GC1!,379.5,390.8,369.0,378.7,0.0
1989-07-31 22:00:00,COMEX:GC1!,378.5,382.5,364.6,365.4,0.0
1989-08-31 22:00:00,COMEX:GC1!,365.7,376.7,360.6,372.0,0.0
1989-10-01 22:00:00,COMEX:GC1!,371.2,382.3,364.3,377.6,0.0
1989-10-31 23:00:00,COMEX:GC1!,377.7,419.7,375.7,417.5,0.0
1989-11-30 23:00:00,COMEX:GC1!,418.2,424.2,400.1,405.2,0.0
1989-12-31 23:00:00,COMEX:GC1!,401.0,427.0,394.5,417.8,0.0
1990-01-31 23:00:00,COMEX:GC1!,418.8,430.3,407.5,408.9,0.0
1990-02-28 23:00:00,COMEX:GC1!,409.3,410.4,362.5,375.0,0.0
1990-04-01 22:00:00,COMEX:GC1!,372.3,385.4,367.7,371.4,0.0
1990-04-30 22:00:00,COMEX:GC1!,372.4,377.6,361.0,368.6,0.0
1990-05-31 22:00:00,COMEX:GC1!,367.5,368.9,348.2,359.9,0.0
1990-07-01 22:00:00,COMEX:GC1!,359.5,382.2,352.0,379.2,0.0
1990-07-31 22:00:00,COMEX:GC1!,379.3,425.0,379.2,389.2,0.0
1990-09-02 22:00:00,COMEX:GC1!,390.1,414.3,381.6,408.1,0.0
1990-09-30 22:00:00,COMEX:GC1!,402.9,404.0,361.5,381.3,0.0
1990-10-31 23:00:00,COMEX:GC1!,383.0,393.3,376.0,385.7,0.0
1990-12-02 23:00:00,COMEX:GC1!,384.9,396.5,369.1,396.2,0.0
1990-12-31 23:00:00,COMEX:GC1!,395.1,406.9,367.8,368.5,0.0
1991-01-31 23:00:00,COMEX:GC1!,371.5,373.7,357.0,369.0,0.0
1991-02-28 23:00:00,COMEX:GC1!,368.5,372.8,354.5,359.4,0.0
1991-03-31 23:00:00,COMEX:GC1!,359.1,368.2,352.6,357.7,0.0
1991-04-30 22:00:00,COMEX:GC1!,358.6,367.7,354.6,364.8,0.0
1991-06-02 22:00:00,COMEX:GC1!,366.8,377.9,361.5,370.0,0.0
1991-06-30 22:00:00,COMEX:GC1!,370.2,373.2,362.3,370.8,0.0
1991-07-31 22:00:00,COMEX:GC1!,370.7,370.9,350.1,352.9,0.0
1991-09-01 22:00:00,COMEX:GC1!,351.3,359.5,346.0,357.3,0.0
1991-09-30 22:00:00,COMEX:GC1!,357.1,367.4,356.7,359.5,0.0
1991-10-31 23:00:00,COMEX:GC1!,359.5,371.2,353.6,371.1,0.0
1991-12-01 23:00:00,COMEX:GC1!,371.6,374.9,352.3,353.9,0.0
1991-12-31 23:00:00,COMEX:GC1!,351.2,361.5,348.5,358.9,0.0
1992-02-02 23:00:00,COMEX:GC1!,359.5,360.5,349.4,354.1,0.0
1992-03-01 23:00:00,COMEX:GC1!,351.3,353.0,336.3,345.5,0.0
1992-03-31 23:00:00,COMEX:GC1!,346.0,346.9,334.9,337.9,0.0
1992-04-30 22:00:00,COMEX:GC1!,338.1,341.7,335.1,338.4,0.0
1992-05-31 22:00:00,COMEX:GC1!,338.7,346.9,338.2,344.4,0.0
1992-06-30 22:00:00,COMEX:GC1!,345.1,362.0,344.3,361.4,0.0
1992-08-02 22:00:00,COMEX:GC1!,360.5,360.6,335.0,345.3,0.0
1992-08-31 22:00:00,COMEX:GC1!,345.5,354.5,340.3,349.4,0.0
1992-09-30 22:00:00,COMEX:GC1!,348.9,353.4,336.9,340.1,0.0
1992-11-01 23:00:00,COMEX:GC1!,339.9,340.8,328.9,335.5,0.0
1992-11-30 23:00:00,COMEX:GC1!,335.8,340.1,332.0,333.1,21930.0
1992-12-31 23:00:00,COMEX:GC1!,329.1,333.0,326.3,330.7,325222.0
1993-01-31 23:00:00,COMEX:GC1!,330.2,334.6,327.8,329.1,358353.0
1993-02-28 23:00:00,COMEX:GC1!,329.5,341.7,325.8,339.3,443425.0
1993-03-31 23:00:00,COMEX:GC1!,338.6,358.5,336.0,357.2,600555.0
1993-05-02 22:00:00,COMEX:GC1!,358.8,386.5,354.3,380.3,786103.0
1993-05-31 22:00:00,COMEX:GC1!,379.7,381.0,361.7,379.2,727865.0
1993-06-30 22:00:00,COMEX:GC1!,378.9,411.7,378.1,411.3,845948.0
1993-08-01 22:00:00,COMEX:GC1!,410.4,414.0,367.0,375.7,713859.0
1993-08-31 22:00:00,COMEX:GC1!,374.4,375.0,343.0,357.1,652406.0
1993-09-30 22:00:00,COMEX:GC1!,356.4,376.7,350.0,369.6,579520.0
1993-10-31 23:00:00,COMEX:GC1!,368.6,381.2,360.7,371.9,666682.0
1993-11-30 23:00:00,COMEX:GC1!,371.4,393.9,370.4,391.9,471973.0
1994-01-02 23:00:00,COMEX:GC1!,391.9,397.8,377.2,383.6,706737.0
1994-01-31 23:00:00,COMEX:GC1!,383.6,392.3,375.7,382.5,530883.0
1994-02-28 23:00:00,COMEX:GC1!,381.8,396.5,374.0,394.3,641890.0
1994-03-31 23:00:00,COMEX:GC1!,394.7,395.8,369.5,377.8,529479.0
1994-05-01 22:00:00,COMEX:GC1!,377.7,391.4,373.1,390.0,706254.0
1994-05-31 22:00:00,COMEX:GC1!,390.4,397.9,380.4,387.3,652328.0
1994-06-30 22:00:00,COMEX:GC1!,386.8,394.1,382.0,389.2,533596.0
1994-07-31 22:00:00,COMEX:GC1!,390.1,394.0,380.2,390.8,572648.0
1994-08-31 22:00:00,COMEX:GC1!,390.5,401.9,389.9,397.6,595282.0
1994-10-02 22:00:00,COMEX:GC1!,396.2,399.8,383.7,384.9,591457.0
1994-10-31 23:00:00,COMEX:GC1!,384.7,387.9,382.4,384.5,483728.0
1994-11-30 23:00:00,COMEX:GC1!,383.7,386.8,377.7,384.4,377238.0
1995-01-01 23:00:00,COMEX:GC1!,382.4,386.0,372.0,377.7,634542.0
1995-01-31 23:00:00,COMEX:GC1!,378.7,382.4,376.3,378.3,383304.0
1995-02-28 23:00:00,COMEX:GC1!,377.4,402.0,374.5,394.3,778136.0
1995-04-02 22:00:00,COMEX:GC1!,395.2,400.8,387.3,388.5,536916.0
1995-04-30 22:00:00,COMEX:GC1!,389.9,393.9,381.5,387.6,582895.0
1995-05-31 22:00:00,COMEX:GC1!,386.6,395.0,384.2,385.6,498996.0
1995-07-02 22:00:00,COMEX:GC1!,385.2,396.3,383.0,388.4,454520.0
1995-07-31 22:00:00,COMEX:GC1!,388.2,396.0,385.4,386.9,455582.0
1995-08-31 22:00:00,COMEX:GC1!,386.4,390.6,383.1,386.5,435570.0
1995-10-01 22:00:00,COMEX:GC1!,385.9,388.7,382.6,384.3,321695.0
1995-10-31 23:00:00,COMEX:GC1!,384.1,391.5,381.5,388.6,641947.0
1995-11-30 23:00:00,COMEX:GC1!,387.6,392.4,386.7,388.1,359009.0
1995-12-31 23:00:00,COMEX:GC1!,392.0,410.4,388.0,408.5,985653.0
1996-01-31 23:00:00,COMEX:GC1!,409.2,419.6,397.5,401.2,842433.0
1996-02-29 23:00:00,COMEX:GC1!,401.1,402.5,392.3,398.4,640235.0
1996-03-31 23:00:00,COMEX:GC1!,398.1,401.0,391.5,393.5,603511.0
1996-04-30 22:00:00,COMEX:GC1!,393.5,398.0,389.8,394.4,582678.0
1996-06-02 22:00:00,COMEX:GC1!,394.3,394.3,381.5,381.6,508208.0
1996-06-30 22:00:00,COMEX:GC1!,382.3,393.3,381.5,393.1,547649.0
1996-07-31 22:00:00,COMEX:GC1!,392.9,396.2,390.0,391.3,376142.0
1996-09-01 22:00:00,COMEX:GC1!,391.5,391.5,380.1,380.5,480843.0
1996-09-30 22:00:00,COMEX:GC1!,380.8,386.5,378.5,379.1,451164.0
1996-10-31 23:00:00,COMEX:GC1!,378.8,385.8,372.5,373.0,500003.0
1996-12-01 23:00:00,COMEX:GC1!,373.9,376.1,367.7,369.2,404428.0
1996-12-31 23:00:00,COMEX:GC1!,369.2,369.4,345.4,346.0,786324.0
1997-02-02 23:00:00,COMEX:GC1!,346.3,365.5,338.5,365.1,761354.0
1997-03-02 23:00:00,COMEX:GC1!,365.1,366.0,346.3,354.0,613905.0
1997-03-31 23:00:00,COMEX:GC1!,354.3,355.1,339.5,341.2,460533.0
1997-04-30 22:00:00,COMEX:GC1!,341.1,352.2,340.4,347.5,560701.0
1997-06-01 22:00:00,COMEX:GC1!,347.3,347.6,334.6,335.3,490260.0
1997-06-30 22:00:00,COMEX:GC1!,334.9,335.8,314.6,328.6,812868.0
1997-07-31 22:00:00,COMEX:GC1!,328.9,333.4,321.0,327.4,614840.0
1997-08-31 22:00:00,COMEX:GC1!,327.0,337.9,321.0,336.9,701878.0
1997-09-30 22:00:00,COMEX:GC1!,336.6,342.1,308.0,312.1,847159.0
1997-11-02 23:00:00,COMEX:GC1!,312.1,316.9,295.1,296.9,534296.0
1997-11-30 23:00:00,COMEX:GC1!,298.5,299.1,283.3,289.9,509442.0
1997-12-31 23:00:00,COMEX:GC1!,289.4,309.0,277.5,304.6,793748.0
1998-02-01 23:00:00,COMEX:GC1!,304.6,310.0,291.8,300.1,487863.0
1998-03-01 23:00:00,COMEX:GC1!,300.0,306.0,287.3,303.3,593819.0
1998-03-31 23:00:00,COMEX:GC1!,303.3,317.0,301.2,307.9,669226.0
1998-04-30 22:00:00,COMEX:GC1!,308.0,308.5,290.6,295.1,630042.0
1998-05-31 22:00:00,COMEX:GC1!,295.4,301.6,285.6,298.1,655715.0
1998-06-30 22:00:00,COMEX:GC1!,297.8,299.7,289.1,290.5,538016.0
1998-08-02 22:00:00,COMEX:GC1!,291.0,294.8,273.8,278.9,614541.0
1998-08-31 22:00:00,COMEX:GC1!,279.3,302.2,279.3,299.0,803930.0
1998-09-30 22:00:00,COMEX:GC1!,299.1,306.9,292.0,293.7,667947.0
1998-11-01 23:00:00,COMEX:GC1!,294.0,299.1,288.7,295.1,485990.0
1998-11-30 23:00:00,COMEX:GC1!,295.0,299.5,286.5,289.2,474884.0
1998-12-31 23:00:00,COMEX:GC1!,289.6,294.3,282.5,288.2,610541.0
1999-01-31 23:00:00,COMEX:GC1!,288.5,292.6,285.0,288.3,463829.0
1999-02-28 23:00:00,COMEX:GC1!,288.0,296.5,278.5,281.9,808881.0
1999-03-31 23:00:00,COMEX:GC1!,281.9,289.0,279.1,287.8,522570.0
1999-05-02 22:00:00,COMEX:GC1!,287.9,291.2,267.9,272.0,755600.0
1999-05-31 22:00:00,COMEX:GC1!,271.5,272.0,258.5,263.6,529108.0
1999-06-30 22:00:00,COMEX:GC1!,263.5,264.7,253.2,258.8,651835.0
1999-08-01 22:00:00,COMEX:GC1!,258.8,264.7,253.8,257.3,628987.0
1999-08-31 22:00:00,COMEX:GC1!,257.5,329.0,254.8,299.5,987925.0
1999-09-30 22:00:00,COMEX:GC1!,299.1,339.0,287.6,300.3,807275.0
1999-10-31 23:00:00,COMEX:GC1!,299.7,300.4,288.0,293.0,372585.0
1999-11-30 23:00:00,COMEX:GC1!,293.0,294.0,276.2,289.6,412225.0
2000-01-02 23:00:00,COMEX:GC1!,289.5,291.8,280.0,286.2,414020.0
2000-01-31 23:00:00,COMEX:GC1!,286.0,326.9,285.0,294.2,742600.0
2000-02-29 23:00:00,COMEX:GC1!,294.2,296.2,274.8,281.4,550886.0
2000-04-02 22:00:00,COMEX:GC1!,281.5,291.5,274.0,274.7,332986.0
2000-04-30 22:00:00,COMEX:GC1!,274.8,284.0,269.5,274.8,475185.0
2000-05-31 22:00:00,COMEX:GC1!,275.4,296.5,274.8,291.5,591350.0
2000-07-02 22:00:00,COMEX:GC1!,289.7,289.7,277.7,283.2,369660.0
2000-07-31 22:00:00,COMEX:GC1!,283.4,285.0,275.3,282.1,343570.0
2000-08-31 22:00:00,COMEX:GC1!,281.9,282.5,271.7,276.9,387213.0
2000-10-01 22:00:00,COMEX:GC1!,277.3,279.9,263.5,266.4,409407.0
2000-10-31 23:00:00,COMEX:GC1!,266.5,273.5,264.5,273.3,689580.0
2000-11-30 23:00:00,COMEX:GC1!,273.2,278.5,270.3,273.6,343614.0
2000-12-31 23:00:00,COMEX:GC1!,273.8,275.0,262.0,268.0,488247.0
2001-01-31 23:00:00,COMEX:GC1!,267.8,270.9,255.1,267.8,400273.0
2001-02-28 23:00:00,COMEX:GC1!,267.7,274.7,258.4,259.2,549342.0
2001-04-01 22:00:00,COMEX:GC1!,259.1,267.5,255.8,264.4,334981.0
2001-04-30 22:00:00,COMEX:GC1!,264.3,298.6,264.1,266.9,688575.0
2001-05-31 22:00:00,COMEX:GC1!,266.8,279.8,265.5,271.3,437148.0
2001-07-01 22:00:00,COMEX:GC1!,271.5,272.1,264.8,269.2,418976.0
2001-07-31 22:00:00,COMEX:GC1!,269.2,283.8,268.4,276.5,509508.0
2001-09-02 22:00:00,COMEX:GC1!,276.1,300.0,273.1,294.0,289491.0
2001-09-30 22:00:00,COMEX:GC1!,293.7,295.9,275.5,280.5,447682.0
2001-10-31 23:00:00,COMEX:GC1!,280.5,282.5,271.9,274.9,396687.0
2001-12-02 23:00:00,COMEX:GC1!,275.2,281.4,271.7,279.0,321837.0
2001-12-31 23:00:00,COMEX:GC1!,279.5,289.9,277.2,282.9,537173.0
2002-01-31 23:00:00,COMEX:GC1!,283.0,309.4,282.4,297.1,562302.0
2002-02-28 23:00:00,COMEX:GC1!,297.4,305.8,288.3,303.7,459264.0
2002-03-31 23:00:00,COMEX:GC1!,304.0,312.9,298.0,309.2,534752.0
2002-04-30 22:00:00,COMEX:GC1!,309.1,330.2,306.5,327.5,777466.0
2002-06-02 22:00:00,COMEX:GC1!,327.5,329.5,310.5,313.9,637187.0
2002-06-30 22:00:00,COMEX:GC1!,314.5,326.1,300.5,305.2,707855.0
2002-07-31 22:00:00,COMEX:GC1!,305.2,319.7,300.3,313.9,528504.0
2002-09-01 22:00:00,COMEX:GC1!,313.8,329.3,312.6,325.2,585807.0
2002-09-30 22:00:00,COMEX:GC1!,324.3,325.5,309.1,318.4,645186.0
2002-10-31 23:00:00,COMEX:GC1!,318.3,325.4,316.5,316.8,558878.0
2002-12-01 23:00:00,COMEX:GC1!,319.1,355.7,316.6,348.2,704457.0
2002-12-31 23:00:00,COMEX:GC1!,347.6,373.7,342.8,369.1,845167.0
2003-02-02 23:00:00,COMEX:GC1!,368.9,390.8,342.4,350.3,844344.0
2003-03-02 23:00:00,COMEX:GC1!,349.8,358.8,325.8,336.9,757495.0
2003-03-31 23:00:00,COMEX:GC1!,335.7,340.4,319.8,339.4,615894.0
2003-04-30 22:00:00,COMEX:GC1!,339.2,374.9,338.5,365.6,849278.0
2003-06-01 22:00:00,COMEX:GC1!,364.0,370.5,343.3,346.3,758309.0
2003-06-30 22:00:00,COMEX:GC1!,346.4,367.7,340.6,355.8,832402.0
2003-07-31 22:00:00,COMEX:GC1!,356.0,379.0,346.0,376.8,741875.0
2003-08-31 22:00:00,COMEX:GC1!,376.8,394.8,370.7,386.1,911761.0
2003-09-30 22:00:00,COMEX:GC1!,385.9,393.0,366.5,384.6,1014050.0
2003-11-02 23:00:00,COMEX:GC1!,384.7,402.0,376.5,396.8,996722.0
2003-11-30 23:00:00,COMEX:GC1!,398.9,418.4,397.8,416.1,710088.0
2003-12-31 23:00:00,COMEX:GC1!,416.8,431.5,397.5,402.9,1197050.0
2004-02-01 23:00:00,COMEX:GC1!,403.1,418.0,391.0,396.8,857398.0
2004-02-29 23:00:00,COMEX:GC1!,397.5,428.5,388.2,428.3,1216288.0
2004-03-31 23:00:00,COMEX:GC1!,427.5,433.0,377.0,387.5,1120337.0
2004-05-02 22:00:00,COMEX:GC1!,388.9,398.0,371.3,394.9,986072.0
2004-05-31 22:00:00,COMEX:GC1!,396.0,405.6,382.5,393.0,865186.0
2004-06-30 22:00:00,COMEX:GC1!,393.3,409.6,385.5,393.7,1086375.0
2004-08-01 22:00:00,COMEX:GC1!,395.0,416.8,391.2,412.4,878658.0
2004-08-31 22:00:00,COMEX:GC1!,412.1,420.8,396.9,420.4,881011.0
2004-09-30 22:00:00,COMEX:GC1!,420.4,432.0,410.5,429.4,1009811.0
2004-10-31 23:00:00,COMEX:GC1!,430.5,457.0,418.0,453.2,1366666.0
2004-11-30 23:00:00,COMEX:GC1!,453.4,458.7,432.9,438.4,981966.0
2005-01-02 23:00:00,COMEX:GC1!,438.9,438.9,417.2,424.1,1148221.0
2005-01-31 23:00:00,COMEX:GC1!,424.3,439.3,411.5,437.6,825164.0
2005-02-28 23:00:00,COMEX:GC1!,437.5,448.0,423.4,431.1,1176439.0
2005-03-31 23:00:00,COMEX:GC1!,431.1,439.1,423.5,436.1,818812.0
2005-05-01 22:00:00,COMEX:GC1!,435.7,436.0,415.8,418.9,1076094.0
2005-05-31 22:00:00,COMEX:GC1!,418.7,445.4,416.7,437.1,1171016.0
2005-06-30 22:00:00,COMEX:GC1!,436.5,438.2,418.2,435.8,1079911.0
2005-07-31 22:00:00,COMEX:GC1!,435.4,455.3,433.5,438.1,1155784.0
2005-08-31 22:00:00,COMEX:GC1!,438.4,479.0,438.3,472.3,1285853.0
2005-10-02 22:00:00,COMEX:GC1!,471.5,483.1,462.0,466.9,1100603.0
2005-10-31 23:00:00,COMEX:GC1!,466.5,506.7,456.1,498.7,1357024.0
2005-11-30 23:00:00,COMEX:GC1!,498.0,544.5,492.2,519.7,1060307.0
2006-01-01 23:00:00,COMEX:GC1!,519.9,577.3,517.6,575.5,1521860.0
2006-01-31 23:00:00,COMEX:GC1!,575.1,579.5,537.8,563.9,1075223.0
2006-02-28 23:00:00,COMEX:GC1!,563.1,594.6,534.5,586.7,1556542.0
2006-04-02 22:00:00,COMEX:GC1!,587.8,658.2,586.3,654.5,1156733.0
2006-04-30 22:00:00,COMEX:GC1!,656.8,732.0,636.5,649.0,1645977.0
2006-05-31 22:00:00,COMEX:GC1!,649.8,651.3,546.4,616.0,1046949.0
2006-07-02 22:00:00,COMEX:GC1!,627.0,677.5,602.5,646.8,998436.0
2006-07-31 22:00:00,COMEX:GC1!,646.5,668.2,615.5,634.2,740727.0
2006-08-31 22:00:00,COMEX:GC1!,633.6,648.7,576.5,604.2,761401.0
2006-10-01 22:00:00,COMEX:GC1!,606.2,613.2,563.0,606.8,739091.0
2006-10-31 23:00:00,COMEX:GC1!,607.5,654.5,607.5,652.9,921260.0
2006-11-30 23:00:00,COMEX:GC1!,655.0,655.8,615.0,638.0,758890.0
2006-12-31 23:00:00,COMEX:GC1!,639.2,660.7,603.0,657.9,1476747.0
2007-01-31 23:00:00,COMEX:GC1!,658.5,692.5,648.0,672.5,1409948.0
2007-02-28 23:00:00,COMEX:GC1!,672.8,680.2,634.5,669.0,1619138.0
2007-04-01 22:00:00,COMEX:GC1!,671.1,698.0,661.7,683.5,1302783.0
2007-04-30 22:00:00,COMEX:GC1!,681.2,693.3,651.5,666.7,1754892.0
2007-05-31 22:00:00,COMEX:GC1!,666.5,679.5,641.1,650.9,1397016.0
2007-07-01 22:00:00,COMEX:GC1!,651.6,688.4,646.7,679.3,1770144.0
2007-07-31 22:00:00,COMEX:GC1!,675.3,688.1,651.6,681.9,1520281.0
2007-09-02 22:00:00,COMEX:GC1!,681.9,752.8,680.1,750.0,1884778.0
2007-09-30 22:00:00,COMEX:GC1!,750.6,800.8,726.3,795.3,2340913.0
2007-10-31 22:00:00,COMEX:GC1!,799.4,848.0,773.4,789.1,3106475.0
2007-12-02 23:00:00,COMEX:GC1!,789.4,847.4,783.0,838.0,1532669.0
2007-12-31 23:00:00,COMEX:GC1!,837.5,942.2,837.5,928.0,3121726.0
2008-01-31 23:00:00,COMEX:GC1!,929.8,978.5,888.4,975.0,2405761.0
2008-03-02 23:00:00,COMEX:GC1!,975.6,1033.9,904.7,921.5,3193971.0
2008-03-31 22:00:00,COMEX:GC1!,920.5,956.2,864.1,865.1,2559275.0
2008-04-30 22:00:00,COMEX:GC1!,879.0,935.4,846.4,891.5,2767266.0
2008-06-01 22:00:00,COMEX:GC1!,891.3,937.7,859.6,928.3,2473784.0
2008-06-30 22:00:00,COMEX:GC1!,928.0,989.6,902.7,922.7,3533950.0
2008-07-31 22:00:00,COMEX:GC1!,922.9,926.0,777.7,835.2,2772988.0
2008-08-31 22:00:00,COMEX:GC1!,842.2,932.0,739.8,880.8,3804729.0
2008-09-30 22:00:00,COMEX:GC1!,876.9,936.3,681.0,718.2,2850753.0
2008-11-02 23:00:00,COMEX:GC1!,727.0,833.5,698.2,819.0,2140796.0
2008-11-30 23:00:00,COMEX:GC1!,819.0,892.0,741.2,884.3,1774072.0
2009-01-01 23:00:00,COMEX:GC1!,883.0,931.3,801.5,928.4,2421620.0
2009-02-01 23:00:00,COMEX:GC1!,924.6,1007.7,890.3,942.5,2253270.0
2009-03-01 23:00:00,COMEX:GC1!,940.3,967.8,882.7,925.0,2664430.0
2009-03-31 22:00:00,COMEX:GC1!,920.0,935.8,865.0,891.2,1647992.0
2009-04-30 22:00:00,COMEX:GC1!,888.9,982.0,880.5,980.3,2046069.0
2009-05-31 22:00:00,COMEX:GC1!,981.0,992.1,913.2,927.4,2090021.0
2009-06-30 22:00:00,COMEX:GC1!,926.1,960.0,904.8,955.8,2109286.0
2009-08-02 22:00:00,COMEX:GC1!,954.5,974.3,931.3,953.5,1615115.0
2009-08-31 22:00:00,COMEX:GC1!,952.0,1025.8,947.5,1009.3,2600322.0
2009-09-30 22:00:00,COMEX:GC1!,1008.3,1072.0,987.0,1040.4,3022215.0
2009-11-01 23:00:00,COMEX:GC1!,1043.4,1196.8,1042.2,1182.3,3577997.0
2009-11-30 23:00:00,COMEX:GC1!,1181.4,1227.5,1075.2,1096.2,3771906.0
2010-01-03 23:00:00,COMEX:GC1!,1099.0,1163.0,1074.4,1083.8,3650282.0
2010-01-31 23:00:00,COMEX:GC1!,1081.9,1131.5,1044.5,1118.9,3364556.0
2010-02-28 23:00:00,COMEX:GC1!,1119.0,1145.8,1084.8,1114.5,3474574.0
2010-03-31 22:00:00,COMEX:GC1!,1114.6,1182.5,1112.3,1180.7,2729155.0
2010-05-02 22:00:00,COMEX:GC1!,1181.0,1249.7,1156.2,1215.0,3812689.0
2010-05-30 22:00:00,COMEX:GC1!,1216.7,1266.5,1198.1,1245.9,2660068.0
2010-06-30 22:00:00,COMEX:GC1!,1243.0,1244.8,1155.6,1183.9,2999209.0
2010-08-01 22:00:00,COMEX:GC1!,1183.8,1251.8,1176.7,1250.3,1959218.0
2010-08-31 22:00:00,COMEX:GC1!,1250.3,1317.5,1237.9,1309.6,2417530.0
2010-09-30 22:00:00,COMEX:GC1!,1309.6,1388.1,1307.3,1357.6,3428197.0
2010-10-31 22:00:00,COMEX:GC1!,1359.7,1424.3,1325.5,1386.1,4381023.0
2010-11-30 23:00:00,COMEX:GC1!,1387.7,1432.5,1361.6,1421.4,2627236.0
2011-01-02 23:00:00,COMEX:GC1!,1420.4,1424.4,1309.1,1334.5,3651642.0
2011-01-31 23:00:00,COMEX:GC1!,1334.0,1418.8,1325.4,1409.9,2516958.0
2011-02-28 23:00:00,COMEX:GC1!,1411.6,1448.6,1380.7,1439.9,3595653.0
2011-03-31 22:00:00,COMEX:GC1!,1433.8,1569.8,1413.5,1556.4,2912209.0
2011-05-01 22:00:00,COMEX:GC1!,1566.8,1577.4,1462.5,1536.8,4032348.0
2011-05-31 22:00:00,COMEX:GC1!,1536.6,1559.3,1490.8,1502.8,2858552.0
2011-06-30 22:00:00,COMEX:GC1!,1501.5,1637.5,1478.3,1631.2,3354929.0
2011-07-31 22:00:00,COMEX:GC1!,1622.2,1917.9,1608.2,1831.7,5780274.0
2011-08-31 22:00:00,COMEX:GC1!,1826.2,1923.7,1535.0,1622.3,4914530.0
2011-10-02 22:00:00,COMEX:GC1!,1625.1,1754.0,1596.6,1725.2,2863924.0
2011-10-31 22:00:00,COMEX:GC1!,1715.7,1804.4,1667.1,1750.3,3295567.0
2011-11-30 23:00:00,COMEX:GC1!,1752.5,1767.1,1523.9,1566.8,2687602.0
2012-01-02 23:00:00,COMEX:GC1!,1571.0,1750.6,1566.8,1740.4,3181367.0
2012-01-31 23:00:00,COMEX:GC1!,1739.8,1792.7,1688.4,1711.3,3233301.0
2012-02-29 23:00:00,COMEX:GC1!,1695.6,1727.3,1627.5,1671.9,3874119.0
2012-04-01 22:00:00,COMEX:GC1!,1671.5,1685.4,1613.0,1664.2,2582641.0
2012-04-30 22:00:00,COMEX:GC1!,1666.1,1672.3,1526.7,1564.2,3944146.0
2012-05-31 22:00:00,COMEX:GC1!,1561.8,1642.4,1545.5,1604.2,3269604.0
2012-07-01 22:00:00,COMEX:GC1!,1599.6,1631.6,1554.4,1614.6,3006179.0
2012-07-31 22:00:00,COMEX:GC1!,1617.5,1695.5,1586.3,1687.6,2558245.0
2012-09-02 22:00:00,COMEX:GC1!,1693.4,1790.0,1687.6,1773.9,3160078.0
2012-09-30 22:00:00,COMEX:GC1!,1773.7,1798.1,1698.7,1719.1,2925148.0
2012-10-31 22:00:00,COMEX:GC1!,1720.4,1755.0,1672.5,1712.7,3454356.0
2012-12-02 23:00:00,COMEX:GC1!,1715.5,1725.0,1636.0,1675.8,2451282.0
2013-01-01 23:00:00,COMEX:GC1!,1676.4,1697.8,1626.0,1662.0,3338458.0
2013-01-31 23:00:00,COMEX:GC1!,1665.2,1687.0,1554.3,1578.1,3309211.0
2013-02-28 23:00:00,COMEX:GC1!,1578.5,1616.5,1560.4,1595.7,3067113.0
2013-03-31 22:00:00,COMEX:GC1!,1598.1,1604.3,1321.5,1472.1,4828941.0
2013-04-30 22:00:00,COMEX:GC1!,1475.6,1487.2,1336.3,1393.0,4333212.0
2013-06-02 22:00:00,COMEX:GC1!,1388.8,1423.3,1179.4,1223.7,3485062.0
2013-06-30 22:00:00,COMEX:GC1!,1232.9,1348.7,1206.9,1313.0,3679270.0
2013-07-31 22:00:00,COMEX:GC1!,1323.4,1434.0,1271.8,1396.1,3072751.0
2013-09-01 22:00:00,COMEX:GC1!,1394.0,1416.4,1291.5,1327.0,3111623.0
2013-09-30 22:00:00,COMEX:GC1!,1328.2,1361.8,1251.0,1323.7,3277055.0
2013-10-31 22:00:00,COMEX:GC1!,1323.1,1327.3,1225.7,1250.4,2830790.0
2013-12-01 23:00:00,COMEX:GC1!,1250.6,1267.5,1181.4,1202.3,2622357.0
2014-01-01 23:00:00,COMEX:GC1!,1204.5,1279.8,1202.5,1239.8,2931285.0
2014-02-02 23:00:00,COMEX:GC1!,1242.0,1345.6,1240.4,1321.6,2400791.0
2014-03-02 23:00:00,COMEX:GC1!,1332.4,1392.6,1282.7,1283.8,3373895.0
2014-03-31 22:00:00,COMEX:GC1!,1284.6,1331.4,1268.4,1295.9,2489512.0
2014-04-30 22:00:00,COMEX:GC1!,1291.9,1315.8,1242.2,1246.0,2881951.0
2014-06-01 22:00:00,COMEX:GC1!,1250.5,1330.4,1240.2,1322.0,2377602.0
2014-06-30 22:00:00,COMEX:GC1!,1327.5,1346.8,1281.3,1282.8,3072768.0
2014-07-31 22:00:00,COMEX:GC1!,1284.2,1324.3,1273.4,1287.4,2191000.0
2014-08-31 22:00:00,COMEX:GC1!,1288.5,1290.9,1204.3,1211.6,2966123.0
2014-09-30 22:00:00,COMEX:GC1!,1209.4,1255.6,1160.5,1171.6,3486895.0
2014-11-02 23:00:00,COMEX:GC1!,1171.1,1207.6,1130.4,1175.5,3812449.0
2014-11-30 23:00:00,COMEX:GC1!,1159.4,1239.0,1141.7,1184.1,3099337.0
2015-01-01 23:00:00,COMEX:GC1!,1184.0,1307.8,1167.3,1279.2,3643236.0
2015-02-01 23:00:00,COMEX:GC1!,1283.0,1286.5,1190.0,1213.1,2385720.0
2015-03-01 23:00:00,COMEX:GC1!,1213.8,1223.0,1141.6,1183.2,3459822.0
2015-03-31 22:00:00,COMEX:GC1!,1183.2,1224.5,1174.1,1182.4,2865920.0
2015-04-30 22:00:00,COMEX:GC1!,1183.7,1232.0,1168.4,1189.8,2947905.0
2015-05-31 22:00:00,COMEX:GC1!,1189.8,1205.7,1162.1,1171.8,2704556.0
2015-06-30 22:00:00,COMEX:GC1!,1172.4,1174.4,1072.3,1095.1,3603711.0
2015-08-02 22:00:00,COMEX:GC1!,1095.1,1169.8,1080.2,1132.5,3184235.0
2015-08-31 22:00:00,COMEX:GC1!,1133.8,1156.4,1097.7,1115.2,2667969.0
2015-09-30 22:00:00,COMEX:GC1!,1114.5,1191.7,1103.8,1141.4,2909067.0
2015-11-01 23:00:00,COMEX:GC1!,1141.3,1142.7,1051.6,1065.3,3171197.0
2015-11-30 23:00:00,COMEX:GC1!,1064.6,1088.3,1045.4,1060.2,2564962.0
2016-01-03 23:00:00,COMEX:GC1!,1061.5,1128.0,1061.0,1116.4,3233700.0
2016-01-31 23:00:00,COMEX:GC1!,1118.0,1263.9,1115.3,1234.4,4082950.0
2016-02-29 23:00:00,COMEX:GC1!,1238.9,1287.8,1206.0,1235.6,4585854.0
2016-03-31 22:00:00,COMEX:GC1!,1234.1,1299.0,1210.3,1290.5,3657716.0
2016-05-01 22:00:00,COMEX:GC1!,1293.2,1306.0,1201.5,1217.5,4626276.0
2016-05-31 22:00:00,COMEX:GC1!,1217.9,1362.6,1208.2,1320.6,4537782.0
2016-06-30 22:00:00,COMEX:GC1!,1324.8,1377.5,1310.7,1357.5,4614037.0
2016-07-31 22:00:00,COMEX:GC1!,1357.2,1374.2,1306.9,1311.4,3984450.0
2016-08-31 22:00:00,COMEX:GC1!,1311.7,1357.6,1305.5,1317.1,3660074.0
2016-10-02 22:00:00,COMEX:GC1!,1321.0,1322.6,1243.2,1273.1,3485753.0
2016-10-31 22:00:00,COMEX:GC1!,1277.8,1338.3,1170.3,1173.9,5981198.0
2016-11-30 23:00:00,COMEX:GC1!,1175.1,1190.2,1124.3,1151.7,3303246.0
2017-01-02 23:00:00,COMEX:GC1!,1151.4,1220.1,1146.5,1211.4,4944827.0
2017-01-31 23:00:00,COMEX:GC1!,1212.2,1264.9,1199.7,1253.9,4169503.0
2017-02-28 23:00:00,COMEX:GC1!,1248.5,1261.0,1194.5,1251.2,5084067.0
2017-04-02 22:00:00,COMEX:GC1!,1251.9,1297.4,1245.4,1268.3,4428879.0
2017-04-30 22:00:00,COMEX:GC1!,1269.6,1276.8,1214.3,1275.4,5372159.0
2017-05-31 22:00:00,COMEX:GC1!,1271.6,1298.8,1236.5,1242.3,4669805.0
2017-07-02 22:00:00,COMEX:GC1!,1241.7,1277.3,1204.0,1273.4,4850527.0
2017-07-31 22:00:00,COMEX:GC1!,1275.6,1331.9,1257.1,1322.2,6550689.0
2017-08-31 22:00:00,COMEX:GC1!,1326.9,1362.4,1278.2,1284.8,6622356.0
2017-10-01 22:00:00,COMEX:GC1!,1282.2,1308.4,1262.8,1270.5,6426448.0
2017-10-31 22:00:00,COMEX:GC1!,1271.8,1300.4,1265.9,1276.7,7443883.0
2017-11-30 23:00:00,COMEX:GC1!,1277.9,1309.8,1238.3,1309.3,4977927.0
2018-01-01 23:00:00,COMEX:GC1!,1305.3,1365.4,1304.6,1343.1,7550178.0
2018-01-31 23:00:00,COMEX:GC1!,1348.2,1364.4,1309.0,1317.9,5752336.0
2018-02-28 23:00:00,COMEX:GC1!,1319.3,1356.8,1303.6,1327.3,6597994.0
2018-04-01 22:00:00,COMEX:GC1!,1330.7,1369.4,1310.7,1319.2,6375220.0
2018-04-30 22:00:00,COMEX:GC1!,1316.0,1326.3,1281.2,1304.7,7343617.0
2018-05-31 22:00:00,COMEX:GC1!,1303.0,1313.0,1246.9,1254.5,5484540.0
2018-07-01 22:00:00,COMEX:GC1!,1253.4,1266.9,1210.7,1233.6,5941728.0
2018-07-31 22:00:00,COMEX:GC1!,1232.7,1233.7,1167.1,1206.7,6036485.0
2018-09-02 22:00:00,COMEX:GC1!,1207.0,1218.0,1184.3,1196.2,5243829.0
2018-09-30 22:00:00,COMEX:GC1!,1196.1,1246.0,1186.0,1215.0,6222422.0
2018-10-31 22:00:00,COMEX:GC1!,1216.6,1239.3,1196.6,1226.0,5135676.0
2018-12-02 23:00:00,COMEX:GC1!,1227.8,1286.5,1226.6,1281.3,3930227.0
2019-01-01 23:00:00,COMEX:GC1!,1285.0,1331.1,1275.3,1325.2,5001074.0
2019-01-31 23:00:00,COMEX:GC1!,1326.0,1349.8,1304.7,1316.1,3808615.0
2019-02-28 23:00:00,COMEX:GC1!,1315.5,1324.5,1280.8,1298.5,5441534.0
2019-03-31 22:00:00,COMEX:GC1!,1297.2,1314.7,1267.9,1285.7,4901199.0
2019-04-30 22:00:00,COMEX:GC1!,1285.2,1311.9,1267.3,1311.1,5919844.0
2019-06-02 22:00:00,COMEX:GC1!,1312.5,1442.9,1310.9,1413.7,7025139.0
2019-06-30 22:00:00,COMEX:GC1!,1401.8,1454.4,1384.7,1437.8,8111206.0
2019-07-31 22:00:00,COMEX:GC1!,1425.6,1565.0,1412.1,1529.4,9039173.0
2019-09-01 22:00:00,COMEX:GC1!,1535.2,1566.2,1470.5,1472.9,8161556.0
2019-09-30 22:00:00,COMEX:GC1!,1478.0,1525.8,1465.0,1514.8,7632947.0
2019-10-31 22:00:00,COMEX:GC1!,1515.1,1519.0,1446.2,1472.7,7198723.0
2019-12-01 23:00:00,COMEX:GC1!,1470.3,1529.0,1459.8,1523.1,5065188.0
2020-01-01 23:00:00,COMEX:GC1!,1521.0,1613.3,1519.7,1587.9,8010615.0
2020-02-02 23:00:00,COMEX:GC1!,1597.8,1691.7,1551.1,1566.7,7426538.0
2020-03-01 23:00:00,COMEX:GC1!,1592.8,1704.3,1450.9,1596.6,8413272.0
2020-03-31 22:00:00,COMEX:GC1!,1589.4,1788.8,1576.0,1694.2,3962768.0
2020-04-30 22:00:00,COMEX:GC1!,1693.5,1775.8,1676.0,1751.7,4055563.0
2020-05-31 22:00:00,COMEX:GC1!,1749.8,1804.0,1671.7,1800.5,4149624.0
2020-06-30 22:00:00,COMEX:GC1!,1798.9,2005.4,1766.3,1985.9,5814076.0
2020-08-02 22:00:00,COMEX:GC1!,1997.4,2089.2,1874.2,1978.6,7179802.0
2020-08-31 22:00:00,COMEX:GC1!,1973.7,2001.2,1851.0,1895.5,5922801.0
2020-09-30 22:00:00,COMEX:GC1!,1891.2,1939.4,1859.2,1879.9,4417867.0
2020-11-01 23:00:00,COMEX:GC1!,1877.0,1966.1,1767.2,1780.9,4942846.0
2020-11-30 23:00:00,COMEX:GC1!,1780.3,1912.0,1778.4,1895.1,3824809.0
2021-01-03 23:00:00,COMEX:GC1!,1908.2,1962.5,1800.8,1850.3,4893360.0
2021-01-31 23:00:00,COMEX:GC1!,1865.0,1876.0,1714.9,1728.8,4332973.0
2021-02-28 23:00:00,COMEX:GC1!,1732.8,1757.4,1673.3,1715.6,5080422.0
2021-03-31 22:00:00,COMEX:GC1!,1709.0,1798.4,1706.4,1767.7,3433428.0
2021-05-02 22:00:00,COMEX:GC1!,1768.1,1913.3,1765.6,1905.3,5112819.0
2021-05-30 22:00:00,COMEX:GC1!,1906.8,1919.2,1750.1,1771.6,4623856.0
2021-06-30 22:00:00,COMEX:GC1!,1770.8,1837.5,1765.9,1817.2,4373735.0
2021-08-01 22:00:00,COMEX:GC1!,1817.0,1835.9,1677.9,1818.1,3662804.0
2021-08-31 22:00:00,COMEX:GC1!,1816.7,1836.9,1721.1,1757.0,3652909.0
2021-09-30 22:00:00,COMEX:GC1!,1757.2,1815.5,1745.4,1783.9,3919036.0
2021-10-31 22:00:00,COMEX:GC1!,1785.3,1879.5,1758.5,1776.5,4735716.0
2021-11-30 23:00:00,COMEX:GC1!,1777.4,1831.4,1753.0,1828.6,2881332.0
2022-01-02 23:00:00,COMEX:GC1!,1830.1,1854.2,1780.6,1796.4,4332879.0
2022-01-31 23:00:00,COMEX:GC1!,1798.9,1976.5,1788.5,1900.7,3898028.0
2022-02-28 23:00:00,COMEX:GC1!,1908.4,2078.8,1888.3,1954.0,4880862.0
2022-03-31 22:00:00,COMEX:GC1!,1942.4,2003.0,1870.9,1911.7,3152960.0
2022-05-01 22:00:00,COMEX:GC1!,1896.2,1910.7,1785.0,1848.4,3828887.0
2022-05-31 22:00:00,COMEX:GC1!,1840.0,1882.5,1802.5,1807.3,3331902.0
2022-06-30 22:00:00,COMEX:GC1!,1808.1,1815.2,1678.4,1781.8,4029638.0
2022-07-31 22:00:00,COMEX:GC1!,1782.5,1824.6,1720.6,1726.2,3192396.0
2022-08-31 22:00:00,COMEX:GC1!,1723.0,1746.4,1622.2,1672.0,4203806.0
2022-10-02 22:00:00,COMEX:GC1!,1670.5,1738.7,1621.1,1640.7,3752534.0
2022-10-31 22:00:00,COMEX:GC1!,1636.1,1791.8,1618.3,1759.9,4279849.0
2022-11-30 23:00:00,COMEX:GC1!,1783.1,1841.9,1778.1,1826.2,3103065.0
2023-01-02 23:00:00,COMEX:GC1!,1831.8,1950.1,1829.9,1945.3,4080229.0
2023-01-31 23:00:00,COMEX:GC1!,1944.0,1975.2,1810.8,1836.7,3463401.0
2023-02-28 23:00:00,COMEX:GC1!,1834.0,2014.9,1813.4,1986.2,5538923.0
2023-04-02 22:00:00,COMEX:GC1!,1990.0,2063.4,1965.9,1999.1,3640895.0
2023-04-30 22:00:00,COMEX:GC1!,2000.2,2085.4,1936.0,1982.1,4966952.0
2023-05-31 22:00:00,COMEX:GC1!,1981.3,2000.7,1900.6,1929.4,3829320.0
2023-07-02 22:00:00,COMEX:GC1!,1927.8,2010.9,1908.5,2009.2,3987289.0
2023-07-31 22:00:00,COMEX:GC1!,2004.2,2004.4,1913.6,1965.9,3305058.0
2023-08-31 22:00:00,COMEX:GC1!,1966.4,1980.2,1862.3,1866.1,3561279.0
2023-10-01 22:00:00,COMEX:GC1!,1864.4,2019.7,1823.5,1994.3,4658716.0
2023-10-31 22:00:00,COMEX:GC1!,1993.3,2072.7,1935.6,2057.2,4001848.0
2023-11-30 23:00:00,COMEX:GC1!,2056.5,2152.3,1987.9,2071.8,3431274.0
2024-01-01 23:00:00,COMEX:GC1!,2072.7,2088.1,2004.0,2067.4,4290736.0
2024-01-31 23:00:00,COMEX:GC1!,2057.9,2083.2,1996.4,2054.7,3375041.0
2024-02-29 23:00:00,COMEX:GC1!,2052.8,2256.9,2047.0,2238.4,5182087.0
2024-03-31 22:00:00,COMEX:GC1!,2259.2,2448.8,2249.1,2302.9,5875419.0
2024-04-30 22:00:00,COMEX:GC1!,2298.2,2454.2,2285.2,2345.8,4907101.0
2024-06-02 22:00:00,COMEX:GC1!,2348.0,2406.7,2304.2,2339.6,3332993.0
2024-06-30 22:00:00,COMEX:GC1!,2336.2,2496.6,2327.4,2473.0,4650871.0
2024-07-31 22:00:00,COMEX:GC1!,2493.4,2570.4,2403.8,2527.6,4084294.0
2024-09-01 22:00:00,COMEX:GC1!,2536.0,2708.7,2502.7,2659.4,3817981.0
2024-09-30 22:00:00,COMEX:GC1!,2656.1,2801.8,2618.8,2749.3,4067422.0
2024-10-31 22:00:00,COMEX:GC1!,2754.0,2772.4,2541.5,2681.0,4457994.0
2024-12-01 23:00:00,COMEX:GC1!,2673.8,2761.3,2596.7,2641.0,3119782.0
2025-01-01 23:00:00,COMEX:GC1!,2641.0,2862.9,2624.6,2835.0,3890440.0
2025-02-02 23:00:00,COMEX:GC1!,2846.5,2974.0,2802.2,2848.5,3535937.0
2025-03-02 23:00:00,COMEX:GC1!,2872.0,3162.0,2866.3,3150.3,3923114.0
2025-03-31 22:00:00,COMEX:GC1!,3157.3,3509.9,2970.4,3319.1,5385356.0
2025-04-30 22:00:00,COMEX:GC1!,3299.0,3448.2,3123.3,3315.4,4956321.0
2025-06-01 22:00:00,COMEX:GC1!,3323.0,3476.3,3250.5,3307.7,3860557.0
2025-06-30 22:00:00,COMEX:GC1!,3315.7,3451.7,3290.2,3348.6,4096355.0
2025-07-31 22:00:00,COMEX:GC1!,3342.7,3534.1,3331.4,3516.1,3553452.0
2025-08-31 22:00:00,COMEX:GC1!,3517.9,3899.2,3506.0,3873.2,4949490.0
2025-09-30 22:00:00,COMEX:GC1!,3887.7,4190.9,3842.8,4177.3,3240704.0
